category,data_source,freq,tickers,cut,fields,vendor_tickers,local-close
base-depos,bloomberg,daily,USDFedEffectiveRate,NYC,close,FEDL01 Index,5:00pm NYC
base-depos,bloomberg,daily,USDON,NYC,close,USDR1T CMPN Index,5:00pm NYC
base-depos,bloomberg,daily,USDTN,NYC,close,USDR2T CMPN Index,5:00pm NYC
base-depos,bloomberg,daily,USDSN,NYC,close,USDR3T CMPN Index,5:00pm NYC
base-depos,bloomberg,daily,USD1W,NYC,close,USDR1Z CMPN Index,5:00pm NYC
base-depos,bloomberg,daily,USD2W,NYC,close,USDR2Z CMPN Index,5:00pm NYC
base-depos,bloomberg,daily,USD3W,NYC,close,USDR3Z CMPN Index,5:00pm NYC
base-depos,bloomberg,daily,USD1M,NYC,close,USDRA CMPN Index,5:00pm NYC
base-depos,bloomberg,daily,USD2M,NYC,close,USDRB CMPN Index,5:00pm NYC
base-depos,bloomberg,daily,USD3M,NYC,close,USDRC CMPN Index,5:00pm NYC
base-depos,bloomberg,daily,USD4M,NYC,close,USDRD CMPN Index,5:00pm NYC
base-depos,bloomberg,daily,USD6M,NYC,close,USDRF CMPN Index,5:00pm NYC
base-depos,bloomberg,daily,USD9M,NYC,close,USDRI CMPN Index,5:00pm NYC
base-depos,bloomberg,daily,USD1Y,NYC,close,USDR1 CMPN Index,5:00pm NYC
base-depos,bloomberg,daily,USD2Y,NYC,close,USDR2 CMPN Index,5:00pm NYC
base-depos,bloomberg,daily,USD3Y,NYC,close,USDR3 CMPN Index,5:00pm NYC
base-depos,bloomberg,daily,USD5Y,NYC,close,USDR5 CMPN Index,5:00pm NYC
base-depos,bloomberg,daily,CHFON,NYC,close,SFDR1T CMPN Index,5:00pm NYC
base-depos,bloomberg,daily,CHFTN,NYC,close,SFDR2T CMPN Index,5:00pm NYC
base-depos,bloomberg,daily,CHFSN,NYC,close,SFDR3T CMPN Index,5:00pm NYC
base-depos,bloomberg,daily,CHF1W,NYC,close,SFDR1Z CMPN Index,5:00pm NYC
base-depos,bloomberg,daily,CHF2W,NYC,close,SFDR2Z CMPN Index,5:00pm NYC
base-depos,bloomberg,daily,CHF3W,NYC,close,SFDR3Z CMPN Index,5:00pm NYC
base-depos,bloomberg,daily,CHF1M,NYC,close,SFDRA CMPN Index,5:00pm NYC
base-depos,bloomberg,daily,CHF2M,NYC,close,SFDRB CMPN Index,5:00pm NYC
base-depos,bloomberg,daily,CHF3M,NYC,close,SFDRC CMPN Index,5:00pm NYC
base-depos,bloomberg,daily,CHF4M,NYC,close,SFDRD CMPN Index,5:00pm NYC
base-depos,bloomberg,daily,CHF6M,NYC,close,SFDRF CMPN Index,5:00pm NYC
base-depos,bloomberg,daily,CHF9M,NYC,close,SFDRI CMPN Index,5:00pm NYC
base-depos,bloomberg,daily,CHF1Y,NYC,close,SFDR1 CMPN Index,5:00pm NYC
base-depos,bloomberg,daily,CHF2Y,NYC,close,SFDR2 CMPN Index,5:00pm NYC
base-depos,bloomberg,daily,CHF3Y,NYC,close,SFDR3 CMPN Index,5:00pm NYC
base-depos,bloomberg,daily,CHF5Y,NYC,close,SFDR5 CMPN Index,5:00pm NYC
base-depos,bloomberg,daily,EURON,NYC,close,EUDR1T CMPN Index,5:00pm NYC
base-depos,bloomberg,daily,EURTN,NYC,close,EUDR2T CMPN Index,5:00pm NYC
base-depos,bloomberg,daily,EURSN,NYC,close,EUDR3T CMPN Index,5:00pm NYC
base-depos,bloomberg,daily,EUR1W,NYC,close,EUDR1Z CMPN Index,5:00pm NYC
base-depos,bloomberg,daily,EUR2W,NYC,close,EUDR2Z CMPN Index,5:00pm NYC
base-depos,bloomberg,daily,EUR3W,NYC,close,EUDR3Z CMPN Index,5:00pm NYC
base-depos,bloomberg,daily,EUR1M,NYC,close,EUDRA CMPN Index,5:00pm NYC
base-depos,bloomberg,daily,EUR2M,NYC,close,EUDRB CMPN Index,5:00pm NYC
base-depos,bloomberg,daily,EUR3M,NYC,close,EUDRC CMPN Index,5:00pm NYC
base-depos,bloomberg,daily,EUR4M,NYC,close,EUDRD CMPN Index,5:00pm NYC
base-depos,bloomberg,daily,EUR6M,NYC,close,EUDRF CMPN Index,5:00pm NYC
base-depos,bloomberg,daily,EUR9M,NYC,close,EUDRI CMPN Index,5:00pm NYC
base-depos,bloomberg,daily,EUR1Y,NYC,close,EUDR1 CMPN Curncy,5:00pm NYC
base-depos,bloomberg,daily,EUR2Y,NYC,close,EUDR2 CMPN Index,5:00pm NYC
base-depos,bloomberg,daily,EUR3Y,NYC,close,EUDR3 CMPN Index,5:00pm NYC
base-depos,bloomberg,daily,EUR5Y,NYC,close,EUDR5 CMPN Index,5:00pm NYC
base-depos,bloomberg,daily,GBPON,NYC,close,BPDR1T CMPN Index,5:00pm NYC
base-depos,bloomberg,daily,GBPTN,NYC,close,BPDR2T CMPN Index,5:00pm NYC
base-depos,bloomberg,daily,GBPSN,NYC,close,BPDR3T CMPN Index,5:00pm NYC
base-depos,bloomberg,daily,GBP1W,NYC,close,BPDR1Z CMPN Index,5:00pm NYC
base-depos,bloomberg,daily,GBP2W,NYC,close,BPDR2Z CMPN Index,5:00pm NYC
base-depos,bloomberg,daily,GBP3W,NYC,close,BPDR3Z CMPN Index,5:00pm NYC
base-depos,bloomberg,daily,GBP1M,NYC,close,BPDRA CMPN Index,5:00pm NYC
base-depos,bloomberg,daily,GBP2M,NYC,close,BPDRB CMPN Index,5:00pm NYC
base-depos,bloomberg,daily,GBP3M,NYC,close,BPDRC CMPN Index,5:00pm NYC
base-depos,bloomberg,daily,GBP4M,NYC,close,BPDRD CMPN Index,5:00pm NYC
base-depos,bloomberg,daily,GBP6M,NYC,close,BPDRF CMPN Index,5:00pm NYC
base-depos,bloomberg,daily,GBP9M,NYC,close,BPDRI CMPN Index,5:00pm NYC
base-depos,bloomberg,daily,GBP1Y,NYC,close,BPDR1 CMPN Index,5:00pm NYC
base-depos,bloomberg,daily,GBP2Y,NYC,close,BPDR2 CMPN Index,5:00pm NYC
base-depos,bloomberg,daily,GBP3Y,NYC,close,BPDR3 CMPN Index,5:00pm NYC
base-depos,bloomberg,daily,GBP5Y,NYC,close,BPDR5 CMPN Index,5:00pm NYC
base-depos,bloomberg,daily,MXNON,NYC,close,MPDR1T CMPN Index,5:00pm NYC
base-depos,bloomberg,daily,MXNTN,NYC,close,MPDR2T CMPN Index,5:00pm NYC
base-depos,bloomberg,daily,MXNSN,NYC,close,MPDR3T CMPN Index,5:00pm NYC
base-depos,bloomberg,daily,MXN1W,NYC,close,MPDR1Z CMPN Index,5:00pm NYC
base-depos,bloomberg,daily,MXN2W,NYC,close,MPDR2Z CMPN Index,5:00pm NYC
base-depos,bloomberg,daily,MXN3W,NYC,close,MPDR3Z CMPN Index,5:00pm NYC
base-depos,bloomberg,daily,MXN1M,NYC,close,MPDRA CMPN Index,5:00pm NYC
base-depos,bloomberg,daily,MXN2M,NYC,close,MPDRB CMPN Index,5:00pm NYC
base-depos,bloomberg,daily,MXN3M,NYC,close,MPDRC CMPN Index,5:00pm NYC
base-depos,bloomberg,daily,MXN4M,NYC,close,MPDRD CMPN Index,5:00pm NYC
base-depos,bloomberg,daily,MXN6M,NYC,close,MPDRF CMPN Index,5:00pm NYC
base-depos,bloomberg,daily,MXN9M,NYC,close,MPDRI CMPN Index,5:00pm NYC
base-depos,bloomberg,daily,MXN1Y,NYC,close,MPDR1 CMPN Index,5:00pm NYC
base-depos,bloomberg,daily,MXN2Y,NYC,close,MPDR2 CMPN Index,5:00pm NYC
base-depos,bloomberg,daily,MXN3Y,NYC,close,MPDR3 CMPN Index,5:00pm NYC
base-depos,bloomberg,daily,MXN5Y,NYC,close,MPDR5 CMPN Index,5:00pm NYC
base-depos,bloomberg,daily,AUDON,NYC,close,ADDR1T CMPN Index,5:00pm NYC
base-depos,bloomberg,daily,AUDTN,NYC,close,ADDR2T CMPN Index,5:00pm NYC
base-depos,bloomberg,daily,AUDSN,NYC,close,ADDR3T CMPN Index,5:00pm NYC
base-depos,bloomberg,daily,AUD1W,NYC,close,ADDR1Z CMPN Index,5:00pm NYC
base-depos,bloomberg,daily,AUD2W,NYC,close,ADDR2Z CMPN Index,5:00pm NYC
base-depos,bloomberg,daily,AUD3W,NYC,close,ADDR3Z CMPN Index,5:00pm NYC
base-depos,bloomberg,daily,AUD1M,NYC,close,ADDRA CMPN Index,5:00pm NYC
base-depos,bloomberg,daily,AUD2M,NYC,close,ADDRB CMPN Index,5:00pm NYC
base-depos,bloomberg,daily,AUD3M,NYC,close,ADDRC CMPN Index,5:00pm NYC
base-depos,bloomberg,daily,AUD4M,NYC,close,ADDRD CMPN Index,5:00pm NYC
base-depos,bloomberg,daily,AUD6M,NYC,close,ADDRF CMPN Index,5:00pm NYC
base-depos,bloomberg,daily,AUD9M,NYC,close,ADDRI CMPN Index,5:00pm NYC
base-depos,bloomberg,daily,AUD1Y,NYC,close,ADDR1 CMPN Index,5:00pm NYC
base-depos,bloomberg,daily,AUD2Y,NYC,close,ADDR2 CMPN Index,5:00pm NYC
base-depos,bloomberg,daily,AUD3Y,NYC,close,ADDR3 CMPN Index,5:00pm NYC
base-depos,bloomberg,daily,AUD5Y,NYC,close,ADDR5 CMPN Index,5:00pm NYC
base-depos,bloomberg,daily,NZDON,NYC,close,NDDR1T CMPN Index,5:00pm NYC
base-depos,bloomberg,daily,NZDTN,NYC,close,NDDR2T CMPN Index,5:00pm NYC
base-depos,bloomberg,daily,NZDSN,NYC,close,NDDR3T CMPN Index,5:00pm NYC
base-depos,bloomberg,daily,NZD1W,NYC,close,NDDR1Z CMPN Index,5:00pm NYC
base-depos,bloomberg,daily,NZD2W,NYC,close,NDDR2Z CMPN Index,5:00pm NYC
base-depos,bloomberg,daily,NZD3W,NYC,close,NDDR3Z CMPN Index,5:00pm NYC
base-depos,bloomberg,daily,NZD1M,NYC,close,NDDRA CMPN Index,5:00pm NYC
base-depos,bloomberg,daily,NZD2M,NYC,close,NDDRB CMPN Index,5:00pm NYC
base-depos,bloomberg,daily,NZD3M,NYC,close,NDDRC CMPN Index,5:00pm NYC
base-depos,bloomberg,daily,NZD4M,NYC,close,NDDRD CMPN Index,5:00pm NYC
base-depos,bloomberg,daily,NZD6M,NYC,close,NDDRF CMPN Index,5:00pm NYC
base-depos,bloomberg,daily,NZD9M,NYC,close,NDDRI CMPN Index,5:00pm NYC
base-depos,bloomberg,daily,NZD1Y,NYC,close,NDDR1 CMPN Index,5:00pm NYC
base-depos,bloomberg,daily,NZD2Y,NYC,close,NDDR2 CMPN Index,5:00pm NYC
base-depos,bloomberg,daily,NZD3Y,NYC,close,NDDR3 CMPN Index,5:00pm NYC
base-depos,bloomberg,daily,NZD5Y,NYC,close,NDDR5 CMPN Index,5:00pm NYC
base-depos,bloomberg,daily,CADON,NYC,close,CDDR1T CMPN Index,5:00pm NYC
base-depos,bloomberg,daily,CADTN,NYC,close,CDDR2T CMPN Index,5:00pm NYC
base-depos,bloomberg,daily,CADSN,NYC,close,CDDR3T CMPN Index,5:00pm NYC
base-depos,bloomberg,daily,CAD1W,NYC,close,CDDR1Z CMPN Index,5:00pm NYC
base-depos,bloomberg,daily,CAD2W,NYC,close,CDDR2Z CMPN Index,5:00pm NYC
base-depos,bloomberg,daily,CAD3W,NYC,close,CDDR3Z CMPN Index,5:00pm NYC
base-depos,bloomberg,daily,CAD1M,NYC,close,CDDRA CMPN Index,5:00pm NYC
base-depos,bloomberg,daily,CAD2M,NYC,close,CDDRB CMPN Index,5:00pm NYC
base-depos,bloomberg,daily,CAD3M,NYC,close,CDDRC CMPN Index,5:00pm NYC
base-depos,bloomberg,daily,CAD4M,NYC,close,CDDRD CMPN Index,5:00pm NYC
base-depos,bloomberg,daily,CAD6M,NYC,close,CDDRF CMPN Index,5:00pm NYC
base-depos,bloomberg,daily,CAD9M,NYC,close,CDDRI CMPN Index,5:00pm NYC
base-depos,bloomberg,daily,CAD1Y,NYC,close,CDDR1 CMPN Index,5:00pm NYC
base-depos,bloomberg,daily,CAD2Y,NYC,close,CDDR2 CMPN Index,5:00pm NYC
base-depos,bloomberg,daily,CAD3Y,NYC,close,CDDR3 CMPN Index,5:00pm NYC
base-depos,bloomberg,daily,CAD5Y,NYC,close,CDDR5 CMPN Index,5:00pm NYC
base-depos,bloomberg,daily,NOKON,NYC,close,NKDR1T CMPN Index,5:00pm NYC
base-depos,bloomberg,daily,NOKTN,NYC,close,NKDR2T CMPN Index,5:00pm NYC
base-depos,bloomberg,daily,NOKSN,NYC,close,NKDR3T CMPN Index,5:00pm NYC
base-depos,bloomberg,daily,NOK1W,NYC,close,NKDR1Z CMPN Index,5:00pm NYC
base-depos,bloomberg,daily,NOK2W,NYC,close,NKDR2Z CMPN Index,5:00pm NYC
base-depos,bloomberg,daily,NOK3W,NYC,close,NKDR3Z CMPN Index,5:00pm NYC
base-depos,bloomberg,daily,NOK1M,NYC,close,NKDRA CMPN Index,5:00pm NYC
base-depos,bloomberg,daily,NOK2M,NYC,close,NKDRB CMPN Index,5:00pm NYC
base-depos,bloomberg,daily,NOK3M,NYC,close,NKDRC CMPN Index,5:00pm NYC
base-depos,bloomberg,daily,NOK4M,NYC,close,NKDRD CMPN Index,5:00pm NYC
base-depos,bloomberg,daily,NOK6M,NYC,close,NKDRF CMPN Index,5:00pm NYC
base-depos,bloomberg,daily,NOK9M,NYC,close,NKDRI CMPN Index,5:00pm NYC
base-depos,bloomberg,daily,NOK1Y,NYC,close,NKDR1 CMPN Index,5:00pm NYC
base-depos,bloomberg,daily,NOK2Y,NYC,close,NKDR2 CMPN Index,5:00pm NYC
base-depos,bloomberg,daily,NOK3Y,NYC,close,NKDR3 CMPN Index,5:00pm NYC
base-depos,bloomberg,daily,NOK5Y,NYC,close,NKDR5 CMPN Index,5:00pm NYC
base-depos,bloomberg,daily,SEKON,NYC,close,SKDR1T CMPN Index,5:00pm NYC
base-depos,bloomberg,daily,SEKTN,NYC,close,SKDR2T CMPN Index,5:00pm NYC
base-depos,bloomberg,daily,SEKSN,NYC,close,SKDR3T CMPN Index,5:00pm NYC
base-depos,bloomberg,daily,SEK1W,NYC,close,SKDR1Z CMPN Index,5:00pm NYC
base-depos,bloomberg,daily,SEK2W,NYC,close,SKDR2Z CMPN Index,5:00pm NYC
base-depos,bloomberg,daily,SEK3W,NYC,close,SKDR3Z CMPN Index,5:00pm NYC
base-depos,bloomberg,daily,SEK1M,NYC,close,SKDRA CMPN Index,5:00pm NYC
base-depos,bloomberg,daily,SEK2M,NYC,close,SKDRB CMPN Index,5:00pm NYC
base-depos,bloomberg,daily,SEK3M,NYC,close,SKDRC CMPN Index,5:00pm NYC
base-depos,bloomberg,daily,SEK4M,NYC,close,SKDRD CMPN Index,5:00pm NYC
base-depos,bloomberg,daily,SEK6M,NYC,close,SKDRF CMPN Index,5:00pm NYC
base-depos,bloomberg,daily,SEK9M,NYC,close,SKDRI CMPN Index,5:00pm NYC
base-depos,bloomberg,daily,SEK1Y,NYC,close,SKDR1 CMPN Index,5:00pm NYC
base-depos,bloomberg,daily,SEK2Y,NYC,close,SKDR2 CMPN Index,5:00pm NYC
base-depos,bloomberg,daily,SEK3Y,NYC,close,SKDR3 CMPN Index,5:00pm NYC
base-depos,bloomberg,daily,SEK5Y,NYC,close,SKDR5 CMPN Index,5:00pm NYC
base-depos,bloomberg,daily,JPYON,NYC,close,JYDR1T CMPN Index,5:00pm NYC
base-depos,bloomberg,daily,JPYTN,NYC,close,JYDR2T CMPN Index,5:00pm NYC
base-depos,bloomberg,daily,JPYSN,NYC,close,JYDR3T CMPN Index,5:00pm NYC
base-depos,bloomberg,daily,JPY1W,NYC,close,JYDR1Z CMPN Index,5:00pm NYC
base-depos,bloomberg,daily,JPY2W,NYC,close,JYDR2Z CMPN Index,5:00pm NYC
base-depos,bloomberg,daily,JPY3W,NYC,close,JYDR3Z CMPN Index,5:00pm NYC
base-depos,bloomberg,daily,JPY1M,NYC,close,JYDRA CMPN Index,5:00pm NYC
base-depos,bloomberg,daily,JPY2M,NYC,close,JYDRB CMPN Index,5:00pm NYC
base-depos,bloomberg,daily,JPY3M,NYC,close,JYDRC CMPN Index,5:00pm NYC
base-depos,bloomberg,daily,JPY4M,NYC,close,JYDRD CMPN Index,5:00pm NYC
base-depos,bloomberg,daily,JPY6M,NYC,close,JYDRF CMPN Index,5:00pm NYC
base-depos,bloomberg,daily,JPY9M,NYC,close,JYDRI CMPN Index,5:00pm NYC
base-depos,bloomberg,daily,JPY1Y,NYC,close,JYDR1 CMPN Index,5:00pm NYC
base-depos,bloomberg,daily,JPY2Y,NYC,close,JYDR2 CMPN Index,5:00pm NYC
base-depos,bloomberg,daily,JPY3Y,NYC,close,JYDR3 CMPN Index,5:00pm NYC
base-depos,bloomberg,daily,JPY5Y,NYC,close,JYDR5 CMPN Index,5:00pm NYC
base-depos,bloomberg,daily,USDFedEffectiveRate,LDN,close,FEDL01 Index,6:00pm LDN
base-depos,bloomberg,daily,USDON,LDN,close,USDR1T CMPL Index,6:00pm LDN
base-depos,bloomberg,daily,USDTN,LDN,close,USDR2T CMPL Index,6:00pm LDN
base-depos,bloomberg,daily,USDSN,LDN,close,USDR3T CMPL Index,6:00pm LDN
base-depos,bloomberg,daily,USD1W,LDN,close,USDR1Z CMPL Index,6:00pm LDN
base-depos,bloomberg,daily,USD2W,LDN,close,USDR2Z CMPL Index,6:00pm LDN
base-depos,bloomberg,daily,USD3W,LDN,close,USDR3Z CMPL Index,6:00pm LDN
base-depos,bloomberg,daily,USD1M,LDN,close,USDRA CMPL Index,6:00pm LDN
base-depos,bloomberg,daily,USD2M,LDN,close,USDRB CMPL Index,6:00pm LDN
base-depos,bloomberg,daily,USD3M,LDN,close,USDRC CMPL Index,6:00pm LDN
base-depos,bloomberg,daily,USD4M,LDN,close,USDRD CMPL Index,6:00pm LDN
base-depos,bloomberg,daily,USD6M,LDN,close,USDRF CMPL Index,6:00pm LDN
base-depos,bloomberg,daily,USD9M,LDN,close,USDRI CMPL Index,6:00pm LDN
base-depos,bloomberg,daily,USD1Y,LDN,close,USDR1 CMPL Index,6:00pm LDN
base-depos,bloomberg,daily,USD2Y,LDN,close,USDR2 CMPL Index,6:00pm LDN
base-depos,bloomberg,daily,USD3Y,LDN,close,USDR3 CMPL Index,6:00pm LDN
base-depos,bloomberg,daily,USD5Y,LDN,close,USDR5 CMPL Index,6:00pm LDN
base-depos,bloomberg,daily,CHFON,LDN,close,SFDR1T CMPL Index,6:00pm LDN
base-depos,bloomberg,daily,CHFTN,LDN,close,SFDR2T CMPL Index,6:00pm LDN
base-depos,bloomberg,daily,CHFSN,LDN,close,SFDR3T CMPL Index,6:00pm LDN
base-depos,bloomberg,daily,CHF1W,LDN,close,SFDR1Z CMPL Index,6:00pm LDN
base-depos,bloomberg,daily,CHF2W,LDN,close,SFDR2Z CMPL Index,6:00pm LDN
base-depos,bloomberg,daily,CHF3W,LDN,close,SFDR3Z CMPL Index,6:00pm LDN
base-depos,bloomberg,daily,CHF1M,LDN,close,SFDRA CMPL Index,6:00pm LDN
base-depos,bloomberg,daily,CHF2M,LDN,close,SFDRB CMPL Index,6:00pm LDN
base-depos,bloomberg,daily,CHF3M,LDN,close,SFDRC CMPL Index,6:00pm LDN
base-depos,bloomberg,daily,CHF4M,LDN,close,SFDRD CMPL Index,6:00pm LDN
base-depos,bloomberg,daily,CHF6M,LDN,close,SFDRF CMPL Index,6:00pm LDN
base-depos,bloomberg,daily,CHF9M,LDN,close,SFDRI CMPL Index,6:00pm LDN
base-depos,bloomberg,daily,CHF1Y,LDN,close,SFDR1 CMPL Index,6:00pm LDN
base-depos,bloomberg,daily,CHF2Y,LDN,close,SFDR2 CMPL Index,6:00pm LDN
base-depos,bloomberg,daily,CHF3Y,LDN,close,SFDR3 CMPL Index,6:00pm LDN
base-depos,bloomberg,daily,CHF5Y,LDN,close,SFDR5 CMPL Index,6:00pm LDN
base-depos,bloomberg,daily,EURON,LDN,close,EUDR1T CMPL Index,6:00pm LDN
base-depos,bloomberg,daily,EURTN,LDN,close,EUDR2T CMPL Index,6:00pm LDN
base-depos,bloomberg,daily,EURSN,LDN,close,EUDR3T CMPL Index,6:00pm LDN
base-depos,bloomberg,daily,EUR1W,LDN,close,EUDR1Z CMPL Index,6:00pm LDN
base-depos,bloomberg,daily,EUR2W,LDN,close,EUDR2Z CMPL Index,6:00pm LDN
base-depos,bloomberg,daily,EUR3W,LDN,close,EUDR3Z CMPL Index,6:00pm LDN
base-depos,bloomberg,daily,EUR1M,LDN,close,EUDRA CMPL Index,6:00pm LDN
base-depos,bloomberg,daily,EUR2M,LDN,close,EUDRB CMPL Index,6:00pm LDN
base-depos,bloomberg,daily,EUR3M,LDN,close,EUDRC CMPL Index,6:00pm LDN
base-depos,bloomberg,daily,EUR4M,LDN,close,EUDRD CMPL Index,6:00pm LDN
base-depos,bloomberg,daily,EUR6M,LDN,close,EUDRF CMPL Index,6:00pm LDN
base-depos,bloomberg,daily,EUR9M,LDN,close,EUDRI CMPL Index,6:00pm LDN
base-depos,bloomberg,daily,EUR1Y,LDN,close,EUDR1 CMPL Curncy,6:00pm LDN
base-depos,bloomberg,daily,EUR2Y,LDN,close,EUDR2 CMPL Index,6:00pm LDN
base-depos,bloomberg,daily,EUR3Y,LDN,close,EUDR3 CMPL Index,6:00pm LDN
base-depos,bloomberg,daily,EUR5Y,LDN,close,EUDR5 CMPL Index,6:00pm LDN
base-depos,bloomberg,daily,GBPON,LDN,close,BPDR1T CMPL Index,6:00pm LDN
base-depos,bloomberg,daily,GBPTN,LDN,close,BPDR2T CMPL Index,6:00pm LDN
base-depos,bloomberg,daily,GBPSN,LDN,close,BPDR3T CMPL Index,6:00pm LDN
base-depos,bloomberg,daily,GBP1W,LDN,close,BPDR1Z CMPL Index,6:00pm LDN
base-depos,bloomberg,daily,GBP2W,LDN,close,BPDR2Z CMPL Index,6:00pm LDN
base-depos,bloomberg,daily,GBP3W,LDN,close,BPDR3Z CMPL Index,6:00pm LDN
base-depos,bloomberg,daily,GBP1M,LDN,close,BPDRA CMPL Index,6:00pm LDN
base-depos,bloomberg,daily,GBP2M,LDN,close,BPDRB CMPL Index,6:00pm LDN
base-depos,bloomberg,daily,GBP3M,LDN,close,BPDRC CMPL Index,6:00pm LDN
base-depos,bloomberg,daily,GBP4M,LDN,close,BPDRD CMPL Index,6:00pm LDN
base-depos,bloomberg,daily,GBP6M,LDN,close,BPDRF CMPL Index,6:00pm LDN
base-depos,bloomberg,daily,GBP9M,LDN,close,BPDRI CMPL Index,6:00pm LDN
base-depos,bloomberg,daily,GBP1Y,LDN,close,BPDR1 CMPL Index,6:00pm LDN
base-depos,bloomberg,daily,GBP2Y,LDN,close,BPDR2 CMPL Index,6:00pm LDN
base-depos,bloomberg,daily,GBP3Y,LDN,close,BPDR3 CMPL Index,6:00pm LDN
base-depos,bloomberg,daily,GBP5Y,LDN,close,BPDR5 CMPL Index,6:00pm LDN
base-depos,bloomberg,daily,MXNON,LDN,close,MPDR1T CMPL Index,6:00pm LDN
base-depos,bloomberg,daily,MXNTN,LDN,close,MPDR2T CMPL Index,6:00pm LDN
base-depos,bloomberg,daily,MXNSN,LDN,close,MPDR3T CMPL Index,6:00pm LDN
base-depos,bloomberg,daily,MXN1W,LDN,close,MPDR1Z CMPL Index,6:00pm LDN
base-depos,bloomberg,daily,MXN2W,LDN,close,MPDR2Z CMPL Index,6:00pm LDN
base-depos,bloomberg,daily,MXN3W,LDN,close,MPDR3Z CMPL Index,6:00pm LDN
base-depos,bloomberg,daily,MXN1M,LDN,close,MPDRA CMPL Index,6:00pm LDN
base-depos,bloomberg,daily,MXN2M,LDN,close,MPDRB CMPL Index,6:00pm LDN
base-depos,bloomberg,daily,MXN3M,LDN,close,MPDRC CMPL Index,6:00pm LDN
base-depos,bloomberg,daily,MXN4M,LDN,close,MPDRD CMPL Index,6:00pm LDN
base-depos,bloomberg,daily,MXN6M,LDN,close,MPDRF CMPL Index,6:00pm LDN
base-depos,bloomberg,daily,MXN9M,LDN,close,MPDRI CMPL Index,6:00pm LDN
base-depos,bloomberg,daily,MXN1Y,LDN,close,MPDR1 CMPL Index,6:00pm LDN
base-depos,bloomberg,daily,MXN2Y,LDN,close,MPDR2 CMPL Index,6:00pm LDN
base-depos,bloomberg,daily,MXN3Y,LDN,close,MPDR3 CMPL Index,6:00pm LDN
base-depos,bloomberg,daily,MXN5Y,LDN,close,MPDR5 CMPL Index,6:00pm LDN
base-depos,bloomberg,daily,AUDON,LDN,close,ADDR1T CMPL Index,6:00pm LDN
base-depos,bloomberg,daily,AUDTN,LDN,close,ADDR2T CMPL Index,6:00pm LDN
base-depos,bloomberg,daily,AUDSN,LDN,close,ADDR3T CMPL Index,6:00pm LDN
base-depos,bloomberg,daily,AUD1W,LDN,close,ADDR1Z CMPL Index,6:00pm LDN
base-depos,bloomberg,daily,AUD2W,LDN,close,ADDR2Z CMPL Index,6:00pm LDN
base-depos,bloomberg,daily,AUD3W,LDN,close,ADDR3Z CMPL Index,6:00pm LDN
base-depos,bloomberg,daily,AUD1M,LDN,close,ADDRA CMPL Index,6:00pm LDN
base-depos,bloomberg,daily,AUD2M,LDN,close,ADDRB CMPL Index,6:00pm LDN
base-depos,bloomberg,daily,AUD3M,LDN,close,ADDRC CMPL Index,6:00pm LDN
base-depos,bloomberg,daily,AUD4M,LDN,close,ADDRD CMPL Index,6:00pm LDN
base-depos,bloomberg,daily,AUD6M,LDN,close,ADDRF CMPL Index,6:00pm LDN
base-depos,bloomberg,daily,AUD9M,LDN,close,ADDRI CMPL Index,6:00pm LDN
base-depos,bloomberg,daily,AUD1Y,LDN,close,ADDR1 CMPL Index,6:00pm LDN
base-depos,bloomberg,daily,AUD2Y,LDN,close,ADDR2 CMPL Index,6:00pm LDN
base-depos,bloomberg,daily,AUD3Y,LDN,close,ADDR3 CMPL Index,6:00pm LDN
base-depos,bloomberg,daily,AUD5Y,LDN,close,ADDR5 CMPL Index,6:00pm LDN
base-depos,bloomberg,daily,NZDON,LDN,close,NDDR1T CMPL Index,6:00pm LDN
base-depos,bloomberg,daily,NZDTN,LDN,close,NDDR2T CMPL Index,6:00pm LDN
base-depos,bloomberg,daily,NZDSN,LDN,close,NDDR3T CMPL Index,6:00pm LDN
base-depos,bloomberg,daily,NZD1W,LDN,close,NDDR1Z CMPL Index,6:00pm LDN
base-depos,bloomberg,daily,NZD2W,LDN,close,NDDR2Z CMPL Index,6:00pm LDN
base-depos,bloomberg,daily,NZD3W,LDN,close,NDDR3Z CMPL Index,6:00pm LDN
base-depos,bloomberg,daily,NZD1M,LDN,close,NDDRA CMPL Index,6:00pm LDN
base-depos,bloomberg,daily,NZD2M,LDN,close,NDDRB CMPL Index,6:00pm LDN
base-depos,bloomberg,daily,NZD3M,LDN,close,NDDRC CMPL Index,6:00pm LDN
base-depos,bloomberg,daily,NZD4M,LDN,close,NDDRD CMPL Index,6:00pm LDN
base-depos,bloomberg,daily,NZD6M,LDN,close,NDDRF CMPL Index,6:00pm LDN
base-depos,bloomberg,daily,NZD9M,LDN,close,NDDRI CMPL Index,6:00pm LDN
base-depos,bloomberg,daily,NZD1Y,LDN,close,NDDR1 CMPL Index,6:00pm LDN
base-depos,bloomberg,daily,NZD2Y,LDN,close,NDDR2 CMPL Index,6:00pm LDN
base-depos,bloomberg,daily,NZD3Y,LDN,close,NDDR3 CMPL Index,6:00pm LDN
base-depos,bloomberg,daily,NZD5Y,LDN,close,NDDR5 CMPL Index,6:00pm LDN
base-depos,bloomberg,daily,CADON,LDN,close,CDDR1T CMPL Index,6:00pm LDN
base-depos,bloomberg,daily,CADTN,LDN,close,CDDR2T CMPL Index,6:00pm LDN
base-depos,bloomberg,daily,CADSN,LDN,close,CDDR3T CMPL Index,6:00pm LDN
base-depos,bloomberg,daily,CAD1W,LDN,close,CDDR1Z CMPL Index,6:00pm LDN
base-depos,bloomberg,daily,CAD2W,LDN,close,CDDR2Z CMPL Index,6:00pm LDN
base-depos,bloomberg,daily,CAD3W,LDN,close,CDDR3Z CMPL Index,6:00pm LDN
base-depos,bloomberg,daily,CAD1M,LDN,close,CDDRA CMPL Index,6:00pm LDN
base-depos,bloomberg,daily,CAD2M,LDN,close,CDDRB CMPL Index,6:00pm LDN
base-depos,bloomberg,daily,CAD3M,LDN,close,CDDRC CMPL Index,6:00pm LDN
base-depos,bloomberg,daily,CAD4M,LDN,close,CDDRD CMPL Index,6:00pm LDN
base-depos,bloomberg,daily,CAD6M,LDN,close,CDDRF CMPL Index,6:00pm LDN
base-depos,bloomberg,daily,CAD9M,LDN,close,CDDRI CMPL Index,6:00pm LDN
base-depos,bloomberg,daily,CAD1Y,LDN,close,CDDR1 CMPL Index,6:00pm LDN
base-depos,bloomberg,daily,CAD2Y,LDN,close,CDDR2 CMPL Index,6:00pm LDN
base-depos,bloomberg,daily,CAD3Y,LDN,close,CDDR3 CMPL Index,6:00pm LDN
base-depos,bloomberg,daily,CAD5Y,LDN,close,CDDR5 CMPL Index,6:00pm LDN
base-depos,bloomberg,daily,NOKON,LDN,close,NKDR1T CMPL Index,6:00pm LDN
base-depos,bloomberg,daily,NOKTN,LDN,close,NKDR2T CMPL Index,6:00pm LDN
base-depos,bloomberg,daily,NOKSN,LDN,close,NKDR3T CMPL Index,6:00pm LDN
base-depos,bloomberg,daily,NOK1W,LDN,close,NKDR1Z CMPL Index,6:00pm LDN
base-depos,bloomberg,daily,NOK2W,LDN,close,NKDR2Z CMPL Index,6:00pm LDN
base-depos,bloomberg,daily,NOK3W,LDN,close,NKDR3Z CMPL Index,6:00pm LDN
base-depos,bloomberg,daily,NOK1M,LDN,close,NKDRA CMPL Index,6:00pm LDN
base-depos,bloomberg,daily,NOK2M,LDN,close,NKDRB CMPL Index,6:00pm LDN
base-depos,bloomberg,daily,NOK3M,LDN,close,NKDRC CMPL Index,6:00pm LDN
base-depos,bloomberg,daily,NOK4M,LDN,close,NKDRD CMPL Index,6:00pm LDN
base-depos,bloomberg,daily,NOK6M,LDN,close,NKDRF CMPL Index,6:00pm LDN
base-depos,bloomberg,daily,NOK9M,LDN,close,NKDRI CMPL Index,6:00pm LDN
base-depos,bloomberg,daily,NOK1Y,LDN,close,NKDR1 CMPL Index,6:00pm LDN
base-depos,bloomberg,daily,NOK2Y,LDN,close,NKDR2 CMPL Index,6:00pm LDN
base-depos,bloomberg,daily,NOK3Y,LDN,close,NKDR3 CMPL Index,6:00pm LDN
base-depos,bloomberg,daily,NOK5Y,LDN,close,NKDR5 CMPL Index,6:00pm LDN
base-depos,bloomberg,daily,SEKON,LDN,close,SKDR1T CMPL Index,6:00pm LDN
base-depos,bloomberg,daily,SEKTN,LDN,close,SKDR2T CMPL Index,6:00pm LDN
base-depos,bloomberg,daily,SEKSN,LDN,close,SKDR3T CMPL Index,6:00pm LDN
base-depos,bloomberg,daily,SEK1W,LDN,close,SKDR1Z CMPL Index,6:00pm LDN
base-depos,bloomberg,daily,SEK2W,LDN,close,SKDR2Z CMPL Index,6:00pm LDN
base-depos,bloomberg,daily,SEK3W,LDN,close,SKDR3Z CMPL Index,6:00pm LDN
base-depos,bloomberg,daily,SEK1M,LDN,close,SKDRA CMPL Index,6:00pm LDN
base-depos,bloomberg,daily,SEK2M,LDN,close,SKDRB CMPL Index,6:00pm LDN
base-depos,bloomberg,daily,SEK3M,LDN,close,SKDRC CMPL Index,6:00pm LDN
base-depos,bloomberg,daily,SEK4M,LDN,close,SKDRD CMPL Index,6:00pm LDN
base-depos,bloomberg,daily,SEK6M,LDN,close,SKDRF CMPL Index,6:00pm LDN
base-depos,bloomberg,daily,SEK9M,LDN,close,SKDRI CMPL Index,6:00pm LDN
base-depos,bloomberg,daily,SEK1Y,LDN,close,SKDR1 CMPL Index,6:00pm LDN
base-depos,bloomberg,daily,SEK2Y,LDN,close,SKDR2 CMPL Index,6:00pm LDN
base-depos,bloomberg,daily,SEK3Y,LDN,close,SKDR3 CMPL Index,6:00pm LDN
base-depos,bloomberg,daily,SEK5Y,LDN,close,SKDR5 CMPL Index,6:00pm LDN
base-depos,bloomberg,daily,JPYON,LDN,close,JYDR1T CMPL Index,6:00pm LDN
base-depos,bloomberg,daily,JPYTN,LDN,close,JYDR2T CMPL Index,6:00pm LDN
base-depos,bloomberg,daily,JPYSN,LDN,close,JYDR3T CMPL Index,6:00pm LDN
base-depos,bloomberg,daily,JPY1W,LDN,close,JYDR1Z CMPL Index,6:00pm LDN
base-depos,bloomberg,daily,JPY2W,LDN,close,JYDR2Z CMPL Index,6:00pm LDN
base-depos,bloomberg,daily,JPY3W,LDN,close,JYDR3Z CMPL Index,6:00pm LDN
base-depos,bloomberg,daily,JPY1M,LDN,close,JYDRA CMPL Index,6:00pm LDN
base-depos,bloomberg,daily,JPY2M,LDN,close,JYDRB CMPL Index,6:00pm LDN
base-depos,bloomberg,daily,JPY3M,LDN,close,JYDRC CMPL Index,6:00pm LDN
base-depos,bloomberg,daily,JPY4M,LDN,close,JYDRD CMPL Index,6:00pm LDN
base-depos,bloomberg,daily,JPY6M,LDN,close,JYDRF CMPL Index,6:00pm LDN
base-depos,bloomberg,daily,JPY9M,LDN,close,JYDRI CMPL Index,6:00pm LDN
base-depos,bloomberg,daily,JPY1Y,LDN,close,JYDR1 CMPL Index,6:00pm LDN
base-depos,bloomberg,daily,JPY2Y,LDN,close,JYDR2 CMPL Index,6:00pm LDN
base-depos,bloomberg,daily,JPY3Y,LDN,close,JYDR3 CMPL Index,6:00pm LDN
base-depos,bloomberg,daily,JPY5Y,LDN,close,JYDR5 CMPL Index,6:00pm LDN
base-depos,bloomberg,daily,USDFedEffectiveRate,TOK,close,FEDL01 Index,8:00pm TOK
base-depos,bloomberg,daily,USDON,TOK,close,USDR1T CMPT Index,8:00pm TOK
base-depos,bloomberg,daily,USDTN,TOK,close,USDR2T CMPT Index,8:00pm TOK
base-depos,bloomberg,daily,USDSN,TOK,close,USDR3T CMPT Index,8:00pm TOK
base-depos,bloomberg,daily,USD1W,TOK,close,USDR1Z CMPT Index,8:00pm TOK
base-depos,bloomberg,daily,USD2W,TOK,close,USDR2Z CMPT Index,8:00pm TOK
base-depos,bloomberg,daily,USD3W,TOK,close,USDR3Z CMPT Index,8:00pm TOK
base-depos,bloomberg,daily,USD1M,TOK,close,USDRA CMPT Index,8:00pm TOK
base-depos,bloomberg,daily,USD2M,TOK,close,USDRB CMPT Index,8:00pm TOK
base-depos,bloomberg,daily,USD3M,TOK,close,USDRC CMPT Index,8:00pm TOK
base-depos,bloomberg,daily,USD4M,TOK,close,USDRD CMPT Index,8:00pm TOK
base-depos,bloomberg,daily,USD6M,TOK,close,USDRF CMPT Index,8:00pm TOK
base-depos,bloomberg,daily,USD9M,TOK,close,USDRI CMPT Index,8:00pm TOK
base-depos,bloomberg,daily,USD1Y,TOK,close,USDR1 CMPT Index,8:00pm TOK
base-depos,bloomberg,daily,USD2Y,TOK,close,USDR2 CMPT Index,8:00pm TOK
base-depos,bloomberg,daily,USD3Y,TOK,close,USDR3 CMPT Index,8:00pm TOK
base-depos,bloomberg,daily,USD5Y,TOK,close,USDR5 CMPT Index,8:00pm TOK
base-depos,bloomberg,daily,CHFON,TOK,close,SFDR1T CMPT Index,8:00pm TOK
base-depos,bloomberg,daily,CHFTN,TOK,close,SFDR2T CMPT Index,8:00pm TOK
base-depos,bloomberg,daily,CHFSN,TOK,close,SFDR3T CMPT Index,8:00pm TOK
base-depos,bloomberg,daily,CHF1W,TOK,close,SFDR1Z CMPT Index,8:00pm TOK
base-depos,bloomberg,daily,CHF2W,TOK,close,SFDR2Z CMPT Index,8:00pm TOK
base-depos,bloomberg,daily,CHF3W,TOK,close,SFDR3Z CMPT Index,8:00pm TOK
base-depos,bloomberg,daily,CHF1M,TOK,close,SFDRA CMPT Index,8:00pm TOK
base-depos,bloomberg,daily,CHF2M,TOK,close,SFDRB CMPT Index,8:00pm TOK
base-depos,bloomberg,daily,CHF3M,TOK,close,SFDRC CMPT Index,8:00pm TOK
base-depos,bloomberg,daily,CHF4M,TOK,close,SFDRD CMPT Index,8:00pm TOK
base-depos,bloomberg,daily,CHF6M,TOK,close,SFDRF CMPT Index,8:00pm TOK
base-depos,bloomberg,daily,CHF9M,TOK,close,SFDRI CMPT Index,8:00pm TOK
base-depos,bloomberg,daily,CHF1Y,TOK,close,SFDR1 CMPT Index,8:00pm TOK
base-depos,bloomberg,daily,CHF2Y,TOK,close,SFDR2 CMPT Index,8:00pm TOK
base-depos,bloomberg,daily,CHF3Y,TOK,close,SFDR3 CMPT Index,8:00pm TOK
base-depos,bloomberg,daily,CHF5Y,TOK,close,SFDR5 CMPT Index,8:00pm TOK
base-depos,bloomberg,daily,EURON,TOK,close,EUDR1T CMPT Index,8:00pm TOK
base-depos,bloomberg,daily,EURTN,TOK,close,EUDR2T CMPT Index,8:00pm TOK
base-depos,bloomberg,daily,EURSN,TOK,close,EUDR3T CMPT Index,8:00pm TOK
base-depos,bloomberg,daily,EUR1W,TOK,close,EUDR1Z CMPT Index,8:00pm TOK
base-depos,bloomberg,daily,EUR2W,TOK,close,EUDR2Z CMPT Index,8:00pm TOK
base-depos,bloomberg,daily,EUR3W,TOK,close,EUDR3Z CMPT Index,8:00pm TOK
base-depos,bloomberg,daily,EUR1M,TOK,close,EUDRA CMPT Index,8:00pm TOK
base-depos,bloomberg,daily,EUR2M,TOK,close,EUDRB CMPT Index,8:00pm TOK
base-depos,bloomberg,daily,EUR3M,TOK,close,EUDRC CMPT Index,8:00pm TOK
base-depos,bloomberg,daily,EUR4M,TOK,close,EUDRD CMPT Index,8:00pm TOK
base-depos,bloomberg,daily,EUR6M,TOK,close,EUDRF CMPT Index,8:00pm TOK
base-depos,bloomberg,daily,EUR9M,TOK,close,EUDRI CMPT Curncy,8:00pm TOK
base-depos,bloomberg,daily,EUR1Y,TOK,close,EUDR1 CMPT Index,8:00pm TOK
base-depos,bloomberg,daily,EUR2Y,TOK,close,EUDR2 CMPT Index,8:00pm TOK
base-depos,bloomberg,daily,EUR3Y,TOK,close,EUDR3 CMPT Index,8:00pm TOK
base-depos,bloomberg,daily,EUR5Y,TOK,close,EUDR5 CMPT Index,8:00pm TOK
base-depos,bloomberg,daily,GBPON,TOK,close,BPDR1T CMPT Index,8:00pm TOK
base-depos,bloomberg,daily,GBPTN,TOK,close,BPDR2T CMPT Index,8:00pm TOK
base-depos,bloomberg,daily,GBPSN,TOK,close,BPDR3T CMPT Index,8:00pm TOK
base-depos,bloomberg,daily,GBP1W,TOK,close,BPDR1Z CMPT Index,8:00pm TOK
base-depos,bloomberg,daily,GBP2W,TOK,close,BPDR2Z CMPT Index,8:00pm TOK
base-depos,bloomberg,daily,GBP3W,TOK,close,BPDR3Z CMPT Index,8:00pm TOK
base-depos,bloomberg,daily,GBP1M,TOK,close,BPDRA CMPT Index,8:00pm TOK
base-depos,bloomberg,daily,GBP2M,TOK,close,BPDRB CMPT Index,8:00pm TOK
base-depos,bloomberg,daily,GBP3M,TOK,close,BPDRC CMPT Index,8:00pm TOK
base-depos,bloomberg,daily,GBP4M,TOK,close,BPDRD CMPT Index,8:00pm TOK
base-depos,bloomberg,daily,GBP6M,TOK,close,BPDRF CMPT Index,8:00pm TOK
base-depos,bloomberg,daily,GBP9M,TOK,close,BPDRI CMPT Index,8:00pm TOK
base-depos,bloomberg,daily,GBP1Y,TOK,close,BPDR1 CMPT Index,8:00pm TOK
base-depos,bloomberg,daily,GBP2Y,TOK,close,BPDR2 CMPT Index,8:00pm TOK
base-depos,bloomberg,daily,GBP3Y,TOK,close,BPDR3 CMPT Index,8:00pm TOK
base-depos,bloomberg,daily,GBP5Y,TOK,close,BPDR5 CMPT Index,8:00pm TOK
base-depos,bloomberg,daily,MXNON,TOK,close,MPDR1T CMPT Index,8:00pm TOK
base-depos,bloomberg,daily,MXNTN,TOK,close,MPDR2T CMPT Index,8:00pm TOK
base-depos,bloomberg,daily,MXNSN,TOK,close,MPDR3T CMPT Index,8:00pm TOK
base-depos,bloomberg,daily,MXN1W,TOK,close,MPDR1Z CMPT Index,8:00pm TOK
base-depos,bloomberg,daily,MXN2W,TOK,close,MPDR2Z CMPT Index,8:00pm TOK
base-depos,bloomberg,daily,MXN3W,TOK,close,MPDR3Z CMPT Index,8:00pm TOK
base-depos,bloomberg,daily,MXN1M,TOK,close,MPDRA CMPT Index,8:00pm TOK
base-depos,bloomberg,daily,MXN2M,TOK,close,MPDRB CMPT Index,8:00pm TOK
base-depos,bloomberg,daily,MXN3M,TOK,close,MPDRC CMPT Index,8:00pm TOK
base-depos,bloomberg,daily,MXN4M,TOK,close,MPDRD CMPT Index,8:00pm TOK
base-depos,bloomberg,daily,MXN6M,TOK,close,MPDRF CMPT Index,8:00pm TOK
base-depos,bloomberg,daily,MXN9M,TOK,close,MPDRI CMPT Index,8:00pm TOK
base-depos,bloomberg,daily,MXN1Y,TOK,close,MPDR1 CMPT Index,8:00pm TOK
base-depos,bloomberg,daily,MXN2Y,TOK,close,MPDR2 CMPT Index,8:00pm TOK
base-depos,bloomberg,daily,MXN3Y,TOK,close,MPDR3 CMPT Index,8:00pm TOK
base-depos,bloomberg,daily,MXN5Y,TOK,close,MPDR5 CMPT Index,8:00pm TOK
base-depos,bloomberg,daily,AUDON,TOK,close,ADDR1T CMPT Index,8:00pm TOK
base-depos,bloomberg,daily,AUDTN,TOK,close,ADDR2T CMPT Index,8:00pm TOK
base-depos,bloomberg,daily,AUDSN,TOK,close,ADDR3T CMPT Index,8:00pm TOK
base-depos,bloomberg,daily,AUD1W,TOK,close,ADDR1Z CMPT Index,8:00pm TOK
base-depos,bloomberg,daily,AUD2W,TOK,close,ADDR2Z CMPT Index,8:00pm TOK
base-depos,bloomberg,daily,AUD3W,TOK,close,ADDR3Z CMPT Index,8:00pm TOK
base-depos,bloomberg,daily,AUD1M,TOK,close,ADDRA CMPT Index,8:00pm TOK
base-depos,bloomberg,daily,AUD2M,TOK,close,ADDRB CMPT Index,8:00pm TOK
base-depos,bloomberg,daily,AUD3M,TOK,close,ADDRC CMPT Index,8:00pm TOK
base-depos,bloomberg,daily,AUD4M,TOK,close,ADDRD CMPT Index,8:00pm TOK
base-depos,bloomberg,daily,AUD6M,TOK,close,ADDRF CMPT Index,8:00pm TOK
base-depos,bloomberg,daily,AUD9M,TOK,close,ADDRI CMPT Index,8:00pm TOK
base-depos,bloomberg,daily,AUD1Y,TOK,close,ADDR1 CMPT Index,8:00pm TOK
base-depos,bloomberg,daily,AUD2Y,TOK,close,ADDR2 CMPT Index,8:00pm TOK
base-depos,bloomberg,daily,AUD3Y,TOK,close,ADDR3 CMPT Index,8:00pm TOK
base-depos,bloomberg,daily,AUD5Y,TOK,close,ADDR5 CMPT Index,8:00pm TOK
base-depos,bloomberg,daily,NZDON,TOK,close,NDDR1T CMPT Index,8:00pm TOK
base-depos,bloomberg,daily,NZDTN,TOK,close,NDDR2T CMPT Index,8:00pm TOK
base-depos,bloomberg,daily,NZDSN,TOK,close,NDDR3T CMPT Index,8:00pm TOK
base-depos,bloomberg,daily,NZD1W,TOK,close,NDDR1Z CMPT Index,8:00pm TOK
base-depos,bloomberg,daily,NZD2W,TOK,close,NDDR2Z CMPT Index,8:00pm TOK
base-depos,bloomberg,daily,NZD3W,TOK,close,NDDR3Z CMPT Index,8:00pm TOK
base-depos,bloomberg,daily,NZD1M,TOK,close,NDDRA CMPT Index,8:00pm TOK
base-depos,bloomberg,daily,NZD2M,TOK,close,NDDRB CMPT Index,8:00pm TOK
base-depos,bloomberg,daily,NZD3M,TOK,close,NDDRC CMPT Index,8:00pm TOK
base-depos,bloomberg,daily,NZD4M,TOK,close,NDDRD CMPT Index,8:00pm TOK
base-depos,bloomberg,daily,NZD6M,TOK,close,NDDRF CMPT Index,8:00pm TOK
base-depos,bloomberg,daily,NZD9M,TOK,close,NDDRI CMPT Index,8:00pm TOK
base-depos,bloomberg,daily,NZD1Y,TOK,close,NDDR1 CMPT Index,8:00pm TOK
base-depos,bloomberg,daily,NZD2Y,TOK,close,NDDR2 CMPT Index,8:00pm TOK
base-depos,bloomberg,daily,NZD3Y,TOK,close,NDDR3 CMPT Index,8:00pm TOK
base-depos,bloomberg,daily,NZD5Y,TOK,close,NDDR5 CMPT Index,8:00pm TOK
base-depos,bloomberg,daily,CADON,TOK,close,CDDR1T CMPT Index,8:00pm TOK
base-depos,bloomberg,daily,CADTN,TOK,close,CDDR2T CMPT Index,8:00pm TOK
base-depos,bloomberg,daily,CADSN,TOK,close,CDDR3T CMPT Index,8:00pm TOK
base-depos,bloomberg,daily,CAD1W,TOK,close,CDDR1Z CMPT Index,8:00pm TOK
base-depos,bloomberg,daily,CAD2W,TOK,close,CDDR2Z CMPT Index,8:00pm TOK
base-depos,bloomberg,daily,CAD3W,TOK,close,CDDR3Z CMPT Index,8:00pm TOK
base-depos,bloomberg,daily,CAD1M,TOK,close,CDDRA CMPT Index,8:00pm TOK
base-depos,bloomberg,daily,CAD2M,TOK,close,CDDRB CMPT Index,8:00pm TOK
base-depos,bloomberg,daily,CAD3M,TOK,close,CDDRC CMPT Index,8:00pm TOK
base-depos,bloomberg,daily,CAD4M,TOK,close,CDDRD CMPT Index,8:00pm TOK
base-depos,bloomberg,daily,CAD6M,TOK,close,CDDRF CMPT Index,8:00pm TOK
base-depos,bloomberg,daily,CAD9M,TOK,close,CDDRI CMPT Index,8:00pm TOK
base-depos,bloomberg,daily,CAD1Y,TOK,close,CDDR1 CMPT Index,8:00pm TOK
base-depos,bloomberg,daily,CAD2Y,TOK,close,CDDR2 CMPT Index,8:00pm TOK
base-depos,bloomberg,daily,CAD3Y,TOK,close,CDDR3 CMPT Index,8:00pm TOK
base-depos,bloomberg,daily,CAD5Y,TOK,close,CDDR5 CMPT Index,8:00pm TOK
base-depos,bloomberg,daily,NOKON,TOK,close,NKDR1T CMPT Index,8:00pm TOK
base-depos,bloomberg,daily,NOKTN,TOK,close,NKDR2T CMPT Index,8:00pm TOK
base-depos,bloomberg,daily,NOKSN,TOK,close,NKDR3T CMPT Index,8:00pm TOK
base-depos,bloomberg,daily,NOK1W,TOK,close,NKDR1Z CMPT Index,8:00pm TOK
base-depos,bloomberg,daily,NOK2W,TOK,close,NKDR2Z CMPT Index,8:00pm TOK
base-depos,bloomberg,daily,NOK3W,TOK,close,NKDR3Z CMPT Index,8:00pm TOK
base-depos,bloomberg,daily,NOK1M,TOK,close,NKDRA CMPT Index,8:00pm TOK
base-depos,bloomberg,daily,NOK2M,TOK,close,NKDRB CMPT Index,8:00pm TOK
base-depos,bloomberg,daily,NOK3M,TOK,close,NKDRC CMPT Index,8:00pm TOK
base-depos,bloomberg,daily,NOK4M,TOK,close,NKDRD CMPT Index,8:00pm TOK
base-depos,bloomberg,daily,NOK6M,TOK,close,NKDRF CMPT Index,8:00pm TOK
base-depos,bloomberg,daily,NOK9M,TOK,close,NKDRI CMPT Index,8:00pm TOK
base-depos,bloomberg,daily,NOK1Y,TOK,close,NKDR1 CMPT Index,8:00pm TOK
base-depos,bloomberg,daily,NOK2Y,TOK,close,NKDR2 CMPT Index,8:00pm TOK
base-depos,bloomberg,daily,NOK3Y,TOK,close,NKDR3 CMPT Index,8:00pm TOK
base-depos,bloomberg,daily,NOK5Y,TOK,close,NKDR5 CMPT Index,8:00pm TOK
base-depos,bloomberg,daily,SEKON,TOK,close,SKDR1T CMPT Index,8:00pm TOK
base-depos,bloomberg,daily,SEKTN,TOK,close,SKDR2T CMPT Index,8:00pm TOK
base-depos,bloomberg,daily,SEKSN,TOK,close,SKDR3T CMPT Index,8:00pm TOK
base-depos,bloomberg,daily,SEK1W,TOK,close,SKDR1Z CMPT Index,8:00pm TOK
base-depos,bloomberg,daily,SEK2W,TOK,close,SKDR2Z CMPT Index,8:00pm TOK
base-depos,bloomberg,daily,SEK3W,TOK,close,SKDR3Z CMPT Index,8:00pm TOK
base-depos,bloomberg,daily,SEK1M,TOK,close,SKDRA CMPT Index,8:00pm TOK
base-depos,bloomberg,daily,SEK2M,TOK,close,SKDRB CMPT Index,8:00pm TOK
base-depos,bloomberg,daily,SEK3M,TOK,close,SKDRC CMPT Index,8:00pm TOK
base-depos,bloomberg,daily,SEK4M,TOK,close,SKDRD CMPT Index,8:00pm TOK
base-depos,bloomberg,daily,SEK6M,TOK,close,SKDRF CMPT Index,8:00pm TOK
base-depos,bloomberg,daily,SEK9M,TOK,close,SKDRI CMPT Index,8:00pm TOK
base-depos,bloomberg,daily,SEK1Y,TOK,close,SKDR1 CMPT Index,8:00pm TOK
base-depos,bloomberg,daily,SEK2Y,TOK,close,SKDR2 CMPT Index,8:00pm TOK
base-depos,bloomberg,daily,SEK3Y,TOK,close,SKDR3 CMPT Index,8:00pm TOK
base-depos,bloomberg,daily,SEK5Y,TOK,close,SKDR5 CMPT Index,8:00pm TOK
base-depos,bloomberg,daily,JPYON,TOK,close,JYDR1T CMPT Index,8:00pm TOK
base-depos,bloomberg,daily,JPYTN,TOK,close,JYDR2T CMPT Index,8:00pm TOK
base-depos,bloomberg,daily,JPYSN,TOK,close,JYDR3T CMPT Index,8:00pm TOK
base-depos,bloomberg,daily,JPY1W,TOK,close,JYDR1Z CMPT Index,8:00pm TOK
base-depos,bloomberg,daily,JPY2W,TOK,close,JYDR2Z CMPT Index,8:00pm TOK
base-depos,bloomberg,daily,JPY3W,TOK,close,JYDR3Z CMPT Index,8:00pm TOK
base-depos,bloomberg,daily,JPY1M,TOK,close,JYDRA CMPT Index,8:00pm TOK
base-depos,bloomberg,daily,JPY2M,TOK,close,JYDRB CMPT Index,8:00pm TOK
base-depos,bloomberg,daily,JPY3M,TOK,close,JYDRC CMPT Index,8:00pm TOK
base-depos,bloomberg,daily,JPY4M,TOK,close,JYDRD CMPT Index,8:00pm TOK
base-depos,bloomberg,daily,JPY6M,TOK,close,JYDRF CMPT Index,8:00pm TOK
base-depos,bloomberg,daily,JPY9M,TOK,close,JYDRI CMPT Index,8:00pm TOK
base-depos,bloomberg,daily,JPY1Y,TOK,close,JYDR1 CMPT Index,8:00pm TOK
base-depos,bloomberg,daily,JPY2Y,TOK,close,JYDR2 CMPT Index,8:00pm TOK
base-depos,bloomberg,daily,JPY3Y,TOK,close,JYDR3 CMPT Index,8:00pm TOK
base-depos,bloomberg,daily,JPY5Y,TOK,close,JYDR5 CMPT Index,8:00pm TOK
